id;label
696;demo
773;ptn
504;managed
1021;rating
1062;sikit
275;lack
746;fabricated
855;thehill
218;zine
688;sleep
829;fout
646;freakin
129;largement
732;gustiayuuu
1078;conversation
750;veux
967;children
681;hard
100;lea_str
1018;biggest
319;ver
85;djkhaled
834;rushfan72310041
693;tweet
1009;avoid
492;vex
385;igual
891;dont
525;charge
724;voted
702;th
590;hintayin
630;aistars
939;presentation
921;sent
756;ta
470;ienfinitelkim
876;random
161;fav
1102;nanabbananaa
562;fat
536;maar
1056;print
744;fan
728;totalmente
922;yamin4studios
213;fall
1066;telling
788;join
530;stabbed
22;voir
650;niallofficial
458;cool
219;school
264;frisson
245;sans
841;higgins
445;skills
140;die
959;course
1038;michael
591;brother
387;wait
187;try
729;ramcinemas
649;race
325;dix
872;soundtracks
8;qhesham12
534;quick
975;mskpn
363;loads
1010;smith
622;daveminchala
665;charlize
17;kkkkkkkk
523;talaga
88;slower
811;kebetulan
456;lecture
613;realgenediamond
156;histoire
1104;generalov567
1098;badass
977;battle
653;video
289;booth
1001;pandai
720;inteleg
354;odd
938;aggressive
955;goto
400;plays
825;kehlani
37;brooksieonair
52;karna
353;bobbygoa
704;letty
879;crush
98;waiting
986;version
277;goes
808;cars
637;letter
685;rd
418;racing
55;guns
1093;clownongolf
379;irai
1072;lolidragons
903;exchange
1099;nosockssasuke
380;muslim
32;plz
198;hours
951;ganda
3;les
78;china
844;whee
327;mes
477;meurs
185;sexy
558;toretto
130;change
155;voiture
815;box
125;boy
1054;charlie__murphy
793;didn
575;flyawayanthony2
557;nicolefugel
559;hotties
672;guilty
1092;extreme
182;bow
803;permis
1036;chapo
459;social
282;action
766;aka
716;mala
339;changes
781;cauta
527;laju
752;cache
132;love
892;os
469;thankfully
402;vie
642;suddenly
235;win
137;app
20;jeluntrungnya
43;vin
719;bloody
216;kayak
866;till
925;its_tolerance
569;scandal
364;bandoleros
58;p_trunks
270;marathoning
265;ayo
749;links
295;usa
131;heuhhh
638;loveeeee
915;tas
537;finally
1043;filme
701;asahd
26;live
987;music
1073;f_a_d_z_l_y
465;dirija
343;films
647;srx
1053;jonathan
721;type
540;ontem
935;vous
448;oof
10;jms
321;macremek
390;award
635;eazy
1003;excuse
553;carrying
96;w_sixuan
616;excellent
406;baby
356;lifestyle
690;indien
947;sorry
126;robert_flores11
821;sont
15;dey
1081;account
259;mf
281;ma
894;tokyo
57;car
862;ride
258;des
59;taun
113;nina
121;movies
1049;cam
488;kendrick
772;shook
840;thiis
634;didnt
873;complain
587;proof
626;crazy
1031;patrol
236;jveu
627;snacks
434;rodriguez
45;pourrais
869;awesome
457;soir
193;fuck
278;morgane_tacconi
678;terrible
919;heard
490;hier
801;times
563;contempt
722;sir
1046;cours
896;awkward
594;ayele
799;nganjing
572;watching
692;iridianglzz
809;everyday
243;ms13
462;faults
663;hot
1103;scoprls
70;instead
320;foqqq
639;isn
560;obama
335;fever
740;scion
913;vient
104;freezing
331;advice
143;discreetlatino
399;whyyyy
233;soundtrack
424;whilst
754;mad
297;mag
250;divx
677;lap
394;mal
900;loyal
887;remember
1034;joint
468;maybe
767;wheelchair
960;ilorin
737;st
1005;friendzoned
230;juara
797;jail
667;south
974;vou
303;healthcare
6;furious
27;pleasure
1058;sa
581;rideordie
709;ngomongin
867;chillex
471;ikut
982;theme
150;beauties
543;office
40;wiiife
1068;tayang
1052;hugh
787;sooo
299;soon
114;comme
378;radar
64;logan
123;london
428;looks
405;inspo
777;busao
1097;rpeworld
601;volta
567;ticket
367;younganal69
284;blocked
253;perfect
196;write
533;style
92;le
1090;true____
322;thank
670;mais
4;la
5;ll
466;ouvindo
800;sexiest
993;amazing
988;exploded
204;comprehend
71;peng
423;lt
843;minute
7;creo
619;researchers
1028;sequalnya
501;team
774;fin
889;fio
1008;sassypresh
835;wouldn
256;mrbossftw
806;grace
654;noi
1055;ff9
23;ff8
446;staat
19;auto
584;safe
941;guess
189;ff2
687;dat
308;lunch
916;drinking
453;effects
298;das
294;hubungan
595;killed
497;bigger
510;bryan
1017;pelis
229;everytime
999;dibawa
398;aucun
942;bts_92ksj
431;tylerelives
730;tuer
884;curti
346;rock
674;rayandeuxfois
103;shaking
751;mean
383;el
640;busty
175;en
21;yaudah
192;series
953;fish
328;diaorang
372;_juliasmuk
526;idea
611;crimsonquarry
1091;challenger
1059;taught
608;zemikroka
286;et
435;girl
244;nongton
62;insurance
318;rp
600;won
151;driving
727;space
240;sluts
323;god
790;diesel
734;reboot
586;looking
30;vcs
934;tgok
357;bolom
996;smh
937;bkan
336;shd
355;cause
81;foodsnoop01
154;ass
648;hmartins
783;shittiest
606;gtaboy1677
351;hang
77;million
695;gotg
220;free
918;drives
883;bersamaku
1024;reason
714;lmk
222;vets
212;imagine
127;qui
411;venus
106;amatd
718;bam
9;lagacy
850;peeve
516;flexydoro
1013;script
1042;tahu
614;plot
447;yarn
741;honest
1061;oppa
521;lenightshow
1011;mdrrr
813;fruit
334;deixar
989;kayaknya
764;rclight
384;fuckin
69;bts_twt
816;wildlands
415;sepanx
249;matsk_
745;feel
545;eddie_morhan
304;coming
802;pergi
108;scene
291;hoot
990;jenna_whitney05
673;donc
361;delicious
68;vote
1080;lqsubze
671;drove
174;tomorrow
609;ont
1039;city
228;little
91;iongivafuk
454;avec
948;kog
910;stuffed
771;blavity
886;kid
836;unironically
473;friend
1050;headache
267;senti
389;queria
427;regarde
848;beltway
247;fastly
226;quando
952;tweeter
621;pb
430;released
1035;djprettyboytank
83;ridiculous
223;sentirem
450;daniela
814;wasted
461;rasad316
305;july
82;believe
762;commence
50;boyfriend
301;king
928;john
141;lmao
316;depressed
940;bea
505;dans
16;beg
981;llevas
758;ignoranti
956;ff7
512;sera
349;aime
680;dumb
302;remembers
370;sophia
924;perspective
542;localceleb_john
923;rad
33;pra
268;aller
496;bha
133;mind
14;juicy
315;sad
604;assistir
973;fui
272;manner
1057;corny
824;revoir
159;msnemah
413;seen
1051;mins
95;border
401;havn
807;marathon
511;sat
324;forced
396;strength
368;self
859;sending
197;momey
506;dirtydaaann
660;nalang
312;babes
747;laughed
858;green
186;signup
283;dernier
169;play
694;new_cj1983
439;reckon
820;quote
1100;gfeunha_97
337;jadedowling99
605;inves
607;clickbait
633;mashed
261;netflix
909;talk
998;kaw
571;plan
483;cracking
1022;nous
962;contest
911;lots
38;__spyral__
94;barackobama
736;michelle
1083;bumping
97;don
263;houstonastro
1000;dream
329;doa
564;cover
313;drive
170;thugtear
597;yelidreams
957;finn
554;uomini
703;ghostrecon
524;amazed
237;guardare
188;dos
932;indo
684;blend
538;traaassssh
708;saying
860;bootleg
651;saga
798;fois
513;butt
565;nights
260;crois
1063;wxbrad
410;bring
757;qualquer
195;planning
917;diorg
786;tumeo_
958;earth
292;pris
279;trop
715;pleased
912;lordddddddddd
995;rpers
535;busy
631;dengerin
404;passando
972;dias
381;soetoro
429;ludacris
789;haven
725;avan
365;failed
348;bezig
118;quer
300;black
779;pretty
514;whoisloris
1070;riding
549;woops
655;loved
753;meant
138;toch
489;prendre
983;jxlyxnx
1015;dope
49;watch
162;baldies
713;wordt
890;trouver
1040;grew
209;mieux
573;dx
707;despite
1105;dw
522;madownload
596;croient
612;slack
215;bombe
603;bat
266;artist
157;boarder
65;mewek
1077;bioskop
832;calling
191;nangis
738;jokes
135;bad
239;stuff
167;losers
1060;qd
407;shots
288;bought
499;najud
257;bah
577;habis
12;lauraamagdaleno
602;avoiralire
589;mthfuckerjones
269;fais
625;rambobiggs
817;crazyinrussia
906;mike_jugga
966;enjoyed
342;grosse
403;decided
146;asleep
412;anyways
502;maman
179;close
706;ark
849;tulog
566;wonder
656;held
24;movie
689;irs
149;gotg2
805;crue
206;weapons
568;silverbird
80;bien
173;bigolive
748;ronoo_
733;galaxy
743;jordanabrewster
487;cru
227;monsters
242;watchin
350;available
705;lazy
1020;attention
34;cardgame
1088;aurai
624;amen
84;rolled
994;sold
508;nashville
927;natalieroeder
425;job
498;streetoftemp
39;franchise
48;je
833;legit
467;euh
617;blending
780;meu
176;vue
897;earlsimxx
661;prenom
493;uitgezonden
306;thou
868;hint
945;tsukum_
711;torrent
224;una
544;tous
109;streams
330;ils
117;ete
409;guardians
765;obamas
392;com
101;adamfergus
333;nongtong
1016;uber
682;ci
172;filtering
552;tc_report
1064;overduepod
580;gone
761;demain
310;sky
930;osorrr
441;leratoncube2
857;allegiance
494;ce
1075;poo
1096;spoilers
854;shii
795;nycsouthpaw
588;likes
18;vais
1108;tgk
760;blonde
902;crew
615;poli
341;hysterically
369;selalunya
785;pq
437;mara
971;dpa_policeassoc
827;thejasminebrand
111;binge
755;af
231;pute
791;needa
550;damn
440;pato
1002;aaaaaajooooo
207;waste
768;recurring
1037;acuity
432;chauffeurs
1014;foda
1084;crying
929;miquinho
47;pierre_myy
485;breathe10ve
1012;milfs
274;coscswim
846;photos
120;understand
422;ao
691;ricotta
273;catch
551;viiiiiie
375;brunch
110;cunt
262;chill
90;sound
29;save
166;look
700;remakes
1087;runway
978;starts
901;iflscience
181;air
164;cast
116;namoradinha
442;stevenwhirsch99
985;fun
644;milih
168;deckard
936;mistake
908;stop
122;ve
89;canoe
221;soil
500;kroger
248;ir
712;voi
961;rip
99;conditioned
1089;visionsource
769;simone
51;vs
41;im
79;il
408;snuck
812;panjang
851;enak
314;ogni
877;iceburghslimm
898;hiphoplifemusic
585;par
362;quand
880;shaw
373;criis910
419;pay
875;belong
782;xyerdark
201;kidfury
280;ibosi
60;neeeed
200;shit
1033;manila
340;party
61;dunkirk
970;mutan
474;une
199;week
946;ff4
1095;chuya
290;closest
641;amours
784;woyy
142;driver
826;collab
686;mesti
443;meeliie
194;moving
287;jki_bae
53;moyen
234;opportunity
28;recent
528;numbered
1045;tuerie
818;finalement
163;theater
296;records
657;incredible
838;fastfan
1006;picks
42;person
865;boat
376;bonne
119;mamma
1074;massage
742;mother
739;libur
128;messieurs
503;glowed
570;epa
1065;bowl
666;theron
861;cried
926;moments
366;money
856;hands
480;weekend
796;liked
618;bunch
347;jiminieesir
464;human
205;world
517;rambo
763;rewatch
124;stanby
963;nakos
371;death
531;family
778;field
610;thinking
46;milliers
870;headed
36;character
592;ele
629;ooooo
576;jgalvan6773
839;born
25;litty
735;regarder
837;aimez
75;lasser
1107;sick
969;fate
979;read
391;dr_afrokid
1029;online
451;thnx
828;gonna
139;sumn
255;game
794;truely
252;mon
76;mom
1094;moi
254;amp
904;dcexaminer
476;roules
148;irmao
864;morgen
178;nu
352;donne
698;diagloues
180;continue
1069;unstable
980;officer
211;night
345;ivan
632;chick
905;pavansurvi
460;lizrocks606
823;_cstrong9
482;prfessorsock
770;nigga
1041;ohmygoodness
397;shuttles
67;baca
338;autres
582;pacarn
965;issenuf
546;dead
479;taylorjasmina
165;lips
683;palm
486;home
276;ehhh
382;shookt
878;abuja
997;makakita
388;happens
1106;ain
393;vraiment
515;ich
636;recently
484;pet
232;literally
623;decision
210;yuckytom
1;select
238;anni
520;marionetanneso
31;lembrem
509;adorable
1019;worst
899;bf
914;welcome
555;pls
1082;power
579;bc
697;deleted
481;assisti
136;actrices
1048;tanaw
285;iconic
107;garysthompson
775;credits
874;coisaa
1025;ngakak
664;btsbbmas
444;sobeking419
556;major
395;super
309;kabam
184;ok
105;siyan
56;getting
599;attacks
804;dollars
158;months
776;favorite
417;bgm
246;drama
208;plus
620;idk
359;oy
819;perky
326;emilia
203;ou
307;wanna
144;idc
519;swimming
699;seeing
416;rjrandhir
217;correndo
202;tout
871;damite2ky
311;pussy
583;soo
438;raees
679;lies
1030;doesnt
386;references
662;makan
885;johnny47196207
2;lesson
251;thegoldenchode
495;escolheu
518;breath
115;vai
964;story
598;brakes
1007;tard
449;politicsbland
190;suruh
472;lok
358;ugma
669;celui
11;fast
1004;start
944;racist
895;nonton
847;bruh
153;litreigns
360;done181818
1032;atras
842;cyn_santana
992;questionable
183;buy
1047;rebeudeter
888;offer
421;bus
377;impatrickt
853;lmaooo
414;strikes
1071;dinguerie
810;omelet
792;belle
529;jai
507;approval
907;trying
578;true
1076;dull
710;hd
830;fort
984;cena
426;isis
66;tengah
547;pendam
933;belom
74;dangerous
949;inside
726;dom
561;mtv
112;ur
759;hamiltonmusical
548;issue
643;fils
478;maximil87594611
102;irish
160;cuddles
87;gardiens
1101;fastandfurious
452;cinema
991;maw
882;youtube
652;mrodofficial
171;tyrese
593;life
72;doesn
1026;botak
332;dapet
475;au
491;guy
628;vamigeorge
541;porraaa
13;watched
317;ship
241;check
214;film
658;regime
374;junto
845;jamais
134;vrmt
73;idiot
717;na
455;caramoan
659;reality
863;til
177;veronicatv
968;phyll_dell
1044;yahut
44;holding
532;trash
893;jajajajajaja
271;clicks
293;kemana
822;nosaisabor
943;smiles
1079;babies
852;congress
463;berdouagathe
1023;favourite
976;albums
433;burros
145;drift
675;ici
931;meaning
731;est
1085;tooottt
920;mariopalush
1086;mantep
1067;ipoke_em
1027;kenak
147;friends
676;fakerobotgamer
93;fastfurious
344;ago
574;land
152;edmontonoilers
436;scenes
225;sempre
950;queenrah__
539;xulia
35;rule
86;exhausting
420;profit
63;premiums
831;hella
668;mass
54;leak
723;lasserai
645;bcp
881;hello
954;lumos7
